{
    "per_output": {
        "Calories": {
            "features": [
                "HRV",
                "Sleep_hours",
                "Height_cm",
                "Resting_heart_rate_bpm",
                "Emotional_stress",
                "Weight_kg",
                "Systolic_blood_pressure_mmhg",
                "CRP_mg_l"
            ],
            "relative_percent": [
                25.9584117506772,
                18.501680166187576,
                10.910520824063608,
                9.786387351952259,
                7.344839977051822,
                4.221555356803038,
                3.610386249006366,
                3.551782701752495
            ],
            "gradient_percent": [
                1.9077297032945952,
                35.023231474352116,
                0.8646668827563437,
                2.504544656240434,
                31.700505925098433,
                0.7718732983709927,
                0.41359429063478736,
                15.014381812834355
            ]
        },
        "1km_Run": {
            "features": [
                "Emotional_stress",
                "Resting_heart_rate_bpm",
                "HRV",
                "Sleep_hours",
                "Height_cm",
                "CRP_mg_l",
                "Run_100m_sec",
                "Systolic_blood_pressure_mmhg"
            ],
            "relative_percent": [
                16.468737682433257,
                16.08987825286125,
                15.773378508628733,
                12.876876142627719,
                9.596540940550653,
                7.640456954498358,
                2.87100323143673,
                2.6357274735139056
            ],
            "gradient_percent": [
                31.48701937848847,
                3.4560557051222434,
                2.2238115726901384,
                32.58107794813909,
                0.8579859499566401,
                15.941463171763479,
                2.8550022466583327,
                0.38505332637964634
            ]
        },
        "Cooper": {
            "features": [
                "HRV",
                "Sleep_hours",
                "Resting_heart_rate_bpm",
                "Height_cm",
                "Emotional_stress",
                "Systolic_blood_pressure_mmhg",
                "CRP_mg_l",
                "Weight_kg"
            ],
            "relative_percent": [
                27.590897358770082,
                17.084194169334094,
                11.173646103541044,
                9.86107963498829,
                7.617127852719078,
                4.1333558896621305,
                3.6879969777954504,
                3.558654387890539
            ],
            "gradient_percent": [
                2.089337723567309,
                33.433253369153235,
                2.9372656289205987,
                0.8317116346561391,
                31.32510893149858,
                0.4610233382144011,
                15.229007387783733,
                0.6649231973599752
            ]
        },
        "Pull_Ups": {
            "features": [
                "Testosterone_ng_dl",
                "Resting_heart_rate_bpm",
                "Age",
                "Emotional_stress",
                "Sleep_hours",
                "HRV",
                "Run_100m_sec",
                "Alcohol_units_per_week"
            ],
            "relative_percent": [
                42.61973103797778,
                8.300063565397558,
                7.146618883509745,
                4.966038220132162,
                4.932869370731492,
                4.343003516842924,
                4.215199774954661,
                3.8608957462876172
            ],
            "gradient_percent": [
                1.7056732423813448,
                3.035614983822171,
                6.589251234123715,
                21.634988315827343,
                17.687895403743696,
                0.7417851794910751,
                7.2088618253132415,
                8.008367679017608
            ]
        },
        "Burpees": {
            "features": [
                "HRV",
                "Sleep_hours",
                "Height_cm",
                "Resting_heart_rate_bpm",
                "Emotional_stress",
                "Systolic_blood_pressure_mmhg",
                "Run_100m_sec",
                "CRP_mg_l"
            ],
            "relative_percent": [
                25.803076945589225,
                16.90656466409561,
                11.784273363049898,
                8.779773557766195,
                7.443497711658141,
                5.270079097196658,
                3.4598119101947233,
                3.435650383505779
            ],
            "gradient_percent": [
                2.0070825127166856,
                33.7033928003201,
                0.9693403923998306,
                2.2814669309803977,
                30.452084589941897,
                0.6387042492552193,
                3.7188710028837635,
                14.023431223345623
            ]
        },
        "10km_Run": {
            "features": [
                "Resting_heart_rate_bpm",
                "Emotional_stress",
                "HRV",
                "Sleep_hours",
                "Height_cm",
                "CRP_mg_l",
                "Systolic_blood_pressure_mmhg",
                "Daily_calories_kcal"
            ],
            "relative_percent": [
                16.36282552340201,
                16.073221774204434,
                15.808389314252484,
                12.667404017273723,
                10.098553223917413,
                7.905433822630615,
                2.797543920604034,
                2.4986650051083075
            ],
            "gradient_percent": [
                3.53484695367456,
                31.104228572696275,
                2.227568774007802,
                32.00102339723491,
                0.9125314439175098,
                16.52724495356287,
                0.4003805355791411,
                0.013339298529129238
            ]
        },
        "Waist_Change": {
            "features": [
                "Systolic_blood_pressure_mmhg",
                "Height_cm",
                "HRV",
                "Resting_heart_rate_bpm",
                "Daily_calories_kcal",
                "Run_100m_sec",
                "Hemoglobin_g_dl",
                "Testosterone_ng_dl"
            ],
            "relative_percent": [
                18.357342670378674,
                13.183717523881121,
                7.808655341319093,
                7.554863718130866,
                5.856627300222917,
                5.587058465438526,
                4.531769516386575,
                4.41293226315006
            ],
            "gradient_percent": [
                2.831664863551897,
                1.9856098381497662,
                1.2689262959143524,
                3.416189899773185,
                0.04595570587391939,
                8.57186615983306,
                7.637868137322268,
                0.2013008785066957
            ]
        },
        "Testosterone": {
            "features": [
                "Testosterone_ng_dl",
                "Sleep_hours",
                "Emotional_stress",
                "Age",
                "Run_100m_sec",
                "HRV",
                "Height_cm",
                "CRP_mg_l"
            ],
            "relative_percent": [
                40.28275721248217,
                9.768946392591632,
                7.832313496062708,
                5.986572208234424,
                4.8516390377087815,
                4.5894824457332435,
                3.598933761758278,
                3.4793993311454203
            ],